cliente_id,nombre,apellido_pat,apellido_mat
1,Noami,Volante,Trelevan
2,Etan,Bowne,Arnefield
3,Newton,Peppin,Saddler
4,Babette,Izakovitz,Sherwen
5,Kyle,Filan,Mounce
6,Jermain,Duhig,Mitchinson
7,Jannelle,Schohier,Shorte
8,Kimmy,Trusdale,Neller
9,Louie,Durker,Kinnane
10,Marlowe,Clayson,Spadotto
11,Dal,Struis,Gibson
12,Carolin,Burrell,Croxford
13,Raymond,Allam,Groves
14,Courtnay,Sang,Glennard
15,Ianthe,Pallatina,Sewill
16,Cleo,Laverenz,Martyntsev
17,Theodoric,Killerby,Sulland
18,Dyan,Schriren,Draysay
19,Kasey,Ivanyushkin,Timson
20,Kelly,Iori,Tregiddo
21,Forbes,Mufford,Millan
22,Giffy,Catling,Wilkin
23,Inga,Ladd,Benedicte
24,Madonna,Rogister,Jodlkowski
25,Micheal,Ledrane,Leversuch
26,Johny,Skerritt,Cassin
27,Gerrard,Petrovic,Marklow
28,Joana,Royce,Dyett
29,Muhammad,Caro,Lean
30,Reggis,Vuitte,Chauvey
31,Halley,Wavell,Shepherd
32,Joanie,Bottleson,Slimme
33,Leandra,Bradberry,Weed
34,Rea,Quickfall,Bugby
35,Hayyim,Tregona,Rabbitt
36,Tan,Pheasant,Boulger
37,Gabe,Bog,Briatt
38,Wilburt,Haggarth,Bohlin
39,Tarah,Ebbutt,Francescuzzi
40,Bernhard,Rotge,MacAdam
41,Barclay,Bilbie,Cortese
42,Aridatha,Fermin,MacCahee
43,Gare,Rossander,Maus
44,Trescha,Buckland,McLevie
45,Catlin,Drew,Ubsdale
46,Josselyn,Ferns,Coppo
47,Tallou,Merrison,Muckersie
48,Walton,Bullar,Gaughan
49,Quent,McNellis,Chart
50,Binni,Hince,Bedin
51,Thorsten,McShane,Mullan
52,Chaim,Bardell,Veldstra
53,Danyelle,Saice,Giffkins
54,Eryn,Mattusov,Rigge
55,Shaine,Bartolomeoni,Colleck
56,Gayelord,Favel,Boyen
57,Maurine,Turl,Kaine
58,Ginnifer,Heatley,McDowell
59,Sharity,Condell,Westfalen
60,Serge,Norville,Mangan
61,Stanislas,Soar,Esler
62,Rowena,Stile,Slidders
63,Tudor,Nutty,Tufts
64,Jobey,Torrans,Girhard
65,Tito,Olrenshaw,Rhoddie
66,Wilbert,Mulvenna,McCole
67,Prudi,Lewin,Blackader
68,Minta,Sweatman,Faulconbridge
69,Alis,Kwietek,Mollindinia
70,Stillman,MacNeish,Schaumaker
71,Audy,Ortet,Kempson
72,Shalne,Reina,Stapylton
73,Trevar,Andrysek,Cullinan
74,Field,Gurdon,Belasco
75,Cobbie,Hacun,Fisbey
76,Filberte,Daly,Huey
77,Lannie,Jikovsky,Markie
78,Pauline,Valder,Songest
79,Ingamar,Baskeyfield,Oliveto
80,Janeta,Lofty,Lettson
81,Shoshana,Dello,Filan
82,Sim,Friett,Kitter
83,Had,Hovard,Clapp
84,Lela,Gricewood,Jeffcock
85,Lynelle,Slides,Ewbanks
86,Ilyssa,Trytsman,Bouttell
87,Denna,Thorneywork,Bairstow
88,Burnaby,Brangan,Fossick
89,Tabbitha,Carrett,Jeandot
90,Grissel,Corking,Godly
91,Avram,Brittlebank,Daulby
92,Idalina,Bagley,Bach
93,Gwenette,Seabert,Suscens
94,Lonny,May,Cusiter
95,Kalvin,Gowers,Dummigan
96,Reina,Bavage,Rosa
97,Amby,Beviss,Copin
98,Brietta,Kettridge,Copping
99,Nady,Simondson,Legonidec
100,Tiffani,Pygott,Schrei
