empleado_id,nombre,apellido_pat,apellido_mat
1,Christabel,Yankeev,Jankovsky
2,Osbourne,Holworth,Van den Velden
3,Philly,Merrick,Lavigne
4,Margarette,Soldan,Rudsdale
5,Daffy,Yukhnevich,Heare
6,Roland,Breffit,Hugonin
7,Rochelle,Fouracres,Stare
8,Fred,Holwell,Jailler
9,Orazio,Sandland,Kiely
10,Waneta,Gillis,Maddick
11,Vassili,Sconce,Chesterfield
12,Wake,Trinkwon,Lerven
13,Hanni,Stiggles,Roch
14,Nikkie,Veltman,Swaton
15,Fredra,Dominguez,Blewitt
16,Giffie,Cragoe,Grombridge
17,Almeria,Pulteneye,Joint
18,Peggy,Thatcham,Iacabucci
19,Ulrikaumeko,Blues,Binnell
20,Nonnah,Vasilchenko,Southernwood
21,Carolan,Leete,Follett
22,Dulcy,Linton,Caddy
23,Niko,Matschuk,Fishwick
24,Eileen,Symcox,Hanselmann
25,Valentijn,Haversham,McPeake
26,Georgianna,Tremoulet,McClaurie
27,Jobina,Rapi,Abbyss
28,Sarette,Kleeman,Lints
29,Missy,Edgars,Coursor
30,Marie-ann,Scamadine,Mainstone
31,Ennis,Insley,McCombe
32,Robin,Finlater,Edington
33,Ethan,Darlington,Harler
34,Gaile,Canada,Standbrooke
35,Tallou,Simkins,Grigoire
36,Fletch,Casaccio,O'Luney
37,Dinah,Meany,MacRory
38,Caren,Ouldcott,Klemke
39,Rebecka,Flynn,Avory
40,Stanford,Latehouse,Simeone
41,Teena,Breston,Fuchs
42,Jennie,Gillise,Harhoff
43,Oliy,Hayer,Demangeot
44,Manfred,Gegay,Henner
45,Darwin,Sansbury,Cobden
46,Angelina,Rugge,Liven
47,Lenee,Hempshall,Cape
48,Suzette,Mattiassi,Fludgate
49,Algernon,Cherrie,Clethro
50,Izabel,Burgher,Tidmas
